{
    "dLeft": [
        [
            0.1989241741252754
        ],
        [
            -0.003359111352345117
        ],
        [
            -0.14061874403360228
        ],
        [
            0.04340176106532354
        ]
    ],
    "dRight": [
        [
            0.19447367095188914
        ],
        [
            0.020557758069527327
        ],
        [
            -0.19131625482736728
        ],
        [
            0.07518093511123217
        ]
    ],
    "kLeft": [
        [
            413.20027200547224,
            0.0,
            485.69531719841615
        ],
        [
            0.0,
            412.407992641938,
            492.8959052208988
        ],
        [
            0.0,
            0.0,
            1.0
        ]
    ],
    "kRight": [
        [
            414.4212444957034,
            0.0,
            496.6224392721034
        ],
        [
            0.0,
            413.31710752805805,
            486.50656523925426
        ],
        [
            0.0,
            0.0,
            1.0
        ]
    ],
    "newKLeft": [
        [
            251.70986109828706,
            0.0,
            491.52076438491684
        ],
        [
            0.0,
            251.22722702939274,
            506.6219117384818
        ],
        [
            0.0,
            0.0,
            1.0
        ]
    ],
    "newKRight": [
        [
            258.545041407715,
            0.0,
            510.70667861088566
        ],
        [
            0.0,
            257.85620331890755,
            492.13990393020833
        ],
        [
            0.0,
            0.0,
            1.0
        ]
    ],
    "stereoCamRotation": [
        [
            0.9882295316811656,
            -0.010910301241422888,
            -0.15258885293508648
        ],
        [
            0.011116214223431045,
            0.9999380897668161,
            0.0004964018832494434
        ],
        [
            0.1525739902295369,
            -0.002186769377943287,
            0.9882896314062618
        ]
    ],
    "stereoCamTranslation": [
        [
            -6.192145190192587
        ],
        [
            -0.04713036385899211
        ],
        [
            -0.46076384440617585
        ]
    ]
}
